{
  "welcomeFile": "/webapp/index.html",
  "routes": [
    {
      "path": "/resources",
      "target": {
        "type": "service",
        "name": "sapui5",
        "preferLocal": true,
        "entryPath": "/resources"
      },
      "description": "SAPUI5 Resources"
    },
    {
      "path": "/test-resources",
      "target": {
        "type": "service",
        "name": "sapui5",
        "entryPath": "/test-resources"
      },
      "description": "SAPUI5 Test Resources"
    },{
    	"path":"/service/",
    	"target":{
    		"type": "destination",
    		"name": "local_xsodata_hanaapp",
    		"entryPath": "/service/"
    	},
    	"description":"HANA XS DB"
    }
  ],
  "authenticationMethod": "none",
  "sendWelcomeFileRedirect": true
}